ebarcode,eindex,pair
CAATTCATTTACCAATTTACCAAT,TGTGACTA,CAATTCATTTACCAATTTACCAAT:TGTGACTA
CTTTAATCTCAATCAATACAAATC,GTTAACTC,CTTTAATCTCAATCAATACAAATC:GTTAACTC
CTTTAATCTCAATCAATACAAATC,GTTAACTC,CTTTAATCTCAATCAATACAAATC:GTTAACTC
CTTTAATCTCAATCAATACAAATC,GATTCGTA,CTTTAATCTCAATCAATACAAATC:GATTCGTA
CTTTATCAATACATACTACAATCA,GTTAACTC,CTTTATCAATACATACTACAATCA:GTTAACTC
CTTTATCAATACATACTACAATCA,GTTAACTC,CTTTATCAATACATACTACAATCA:GTTAACTC
CTTTATCAATACATACTACAATCA,GATTCGTA,CTTTATCAATACATACTACAATCA:GATTCGTA
TACACTTTATCAAATCTTACAATC,GTTAACTC,TACACTTTATCAAATCTTACAATC:GTTAACTC
TACACTTTATCAAATCTTACAATC,GTTAACTC,TACACTTTATCAAATCTTACAATC:GTTAACTC
TACACTTTATCAAATCTTACAATC,GATTCGTA,TACACTTTATCAAATCTTACAATC:GATTCGTA
TACATTACCAATAATCTTCAAATC,GTTAACTC,TACATTACCAATAATCTTCAAATC:GTTAACTC
TACATTACCAATAATCTTCAAATC,GTTAACTC,TACATTACCAATAATCTTCAAATC:GTTAACTC
TACATTACCAATAATCTTCAAATC,GATTCGTA,TACATTACCAATAATCTTCAAATC:GATTCGTA
CAATTCAAATCACAATAATCAATC,GTTAACTC,CAATTCAAATCACAATAATCAATC:GTTAACTC
CAATTCAAATCACAATAATCAATC,GTTAACTC,CAATTCAAATCACAATAATCAATC:GTTAACTC
CAATTCAAATCACAATAATCAATC,GATTCGTA,CAATTCAAATCACAATAATCAATC:GATTCGTA
CAATTCATTTACCAATTTACCAAT,GTTAACTC,CAATTCATTTACCAATTTACCAAT:GTTAACTC
CAATTCATTTACCAATTTACCAAT,GTTAACTC,CAATTCATTTACCAATTTACCAAT:GTTAACTC
CAATTCATTTACCAATTTACCAAT,GATTCGTA,CAATTCATTTACCAATTTACCAAT:GATTCGTA
AATCCTTTTACATTCATTACTTAC,GTTAACTC,AATCCTTTTACATTCATTACTTAC:GTTAACTC
AATCCTTTTACATTCATTACTTAC,GTTAACTC,AATCCTTTTACATTCATTACTTAC:GTTAACTC
AATCCTTTTACATTCATTACTTAC,GATTCGTA,AATCCTTTTACATTCATTACTTAC:GATTCGTA
TAATCTTCTATATCAACATCTTAC,GTTAACTC,TAATCTTCTATATCAACATCTTAC:GTTAACTC
TAATCTTCTATATCAACATCTTAC,GTTAACTC,TAATCTTCTATATCAACATCTTAC:GTTAACTC
TAATCTTCTATATCAACATCTTAC,GATTCGTA,TAATCTTCTATATCAACATCTTAC:GATTCGTA
TACAAATCATCAATCACTTTAATC,GTTAACTC,TACAAATCATCAATCACTTTAATC:GTTAACTC
TACAAATCATCAATCACTTTAATC,GTTAACTC,TACAAATCATCAATCACTTTAATC:GTTAACTC
TACAAATCATCAATCACTTTAATC,GATTCGTA,TACAAATCATCAATCACTTTAATC:GATTCGTA
TACACTTTCTTTCTTTCTTTCTTT,GTTAACTC,TACACTTTCTTTCTTTCTTTCTTT:GTTAACTC
TACACTTTCTTTCTTTCTTTCTTT,GTTAACTC,TACACTTTCTTTCTTTCTTTCTTT:GTTAACTC
TACACTTTCTTTCTTTCTTTCTTT,GATTCGTA,TACACTTTCTTTCTTTCTTTCTTT:GATTCGTA
CAATAAACTATACTTCTTCACTAA,GTTAACTC,CAATAAACTATACTTCTTCACTAA:GTTAACTC
CAATAAACTATACTTCTTCACTAA,GTTAACTC,CAATAAACTATACTTCTTCACTAA:GTTAACTC
CAATAAACTATACTTCTTCACTAA,GATTCGTA,CAATAAACTATACTTCTTCACTAA:GATTCGTA
ATACTTCATTCATTCATCAATTCA,GTTAACTC,ATACTTCATTCATTCATCAATTCA:GTTAACTC
ATACTTCATTCATTCATCAATTCA,GTTAACTC,ATACTTCATTCATTCATCAATTCA:GTTAACTC
ATACTTCATTCATTCATCAATTCA,GATTCGTA,ATACTTCATTCATTCATCAATTCA:GATTCGTA
CTTTAATCCTTTATCACTTTATCA,GTTAACTC,CTTTAATCCTTTATCACTTTATCA:GTTAACTC
CTTTAATCCTTTATCACTTTATCA,GTTAACTC,CTTTAATCCTTTATCACTTTATCA:GTTAACTC
CTTTAATCCTTTATCACTTTATCA,GATTCGTA,CTTTAATCCTTTATCACTTTATCA:GATTCGTA
TCAAAATCTCAAATACTCAAATCA,GTTAACTC,TCAAAATCTCAAATACTCAAATCA:GTTAACTC
TCAAAATCTCAAATACTCAAATCA,GTTAACTC,TCAAAATCTCAAATACTCAAATCA:GTTAACTC
TCAAAATCTCAAATACTCAAATCA,GATTCGTA,TCAAAATCTCAAATACTCAAATCA:GATTCGTA
AATCCTTTCTTTAATCTCAAATCA,GTTAACTC,AATCCTTTCTTTAATCTCAAATCA:GTTAACTC
AATCCTTTCTTTAATCTCAAATCA,GTTAACTC,AATCCTTTCTTTAATCTCAAATCA:GTTAACTC
AATCCTTTCTTTAATCTCAAATCA,GATTCGTA,AATCCTTTCTTTAATCTCAAATCA:GATTCGTA
TTCAATCATTCAAATCTCAACTTT,GTTAACTC,TTCAATCATTCAAATCTCAACTTT:GTTAACTC
TTCAATCATTCAAATCTCAACTTT,GTTAACTC,TTCAATCATTCAAATCTCAACTTT:GTTAACTC
TTCAATCATTCAAATCTCAACTTT,GATTCGTA,TTCAATCATTCAAATCTCAACTTT:GATTCGTA
TCAATTACCTTTTCAATACAATAC,GTTAACTC,TCAATTACCTTTTCAATACAATAC:GTTAACTC
TCAATTACCTTTTCAATACAATAC,GTTAACTC,TCAATTACCTTTTCAATACAATAC:GTTAACTC
TCAATTACCTTTTCAATACAATAC,GATTCGTA,TCAATTACCTTTTCAATACAATAC:GATTCGTA
TTACTCAAAATCTACACTTTTTCA,GTTAACTC,TTACTCAAAATCTACACTTTTTCA:GTTAACTC
TTACTCAAAATCTACACTTTTTCA,GTTAACTC,TTACTCAAAATCTACACTTTTTCA:GTTAACTC
TTACTCAAAATCTACACTTTTTCA,GATTCGTA,TTACTCAAAATCTACACTTTTTCA:GATTCGTA
AATCTTACTACAAATCCTTTCTTT,GTTAACTC,AATCTTACTACAAATCCTTTCTTT:GTTAACTC
AATCTTACTACAAATCCTTTCTTT,GTTAACTC,AATCTTACTACAAATCCTTTCTTT:GTTAACTC
AATCTTACTACAAATCCTTTCTTT,GATTCGTA,AATCTTACTACAAATCCTTTCTTT:GATTCGTA
TTACCTTTATACCTTTCTTTTTAC,GTTAACTC,TTACCTTTATACCTTTCTTTTTAC:GTTAACTC
TTACCTTTATACCTTTCTTTTTAC,GTTAACTC,TTACCTTTATACCTTTCTTTTTAC:GTTAACTC
TTACCTTTATACCTTTCTTTTTAC,GATTCGTA,TTACCTTTATACCTTTCTTTTTAC:GATTCGTA
TTCACTTTTCAATCAACTTTAATC,GTTAACTC,TTCACTTTTCAATCAACTTTAATC:GTTAACTC
TTCACTTTTCAATCAACTTTAATC,GTTAACTC,TTCACTTTTCAATCAACTTTAATC:GTTAACTC
TTCACTTTTCAATCAACTTTAATC,GATTCGTA,TTCACTTTTCAATCAACTTTAATC:GATTCGTA
ATTATTCACTTCAAACTAATCTAC,GTTAACTC,ATTATTCACTTCAAACTAATCTAC:GTTAACTC
ATTATTCACTTCAAACTAATCTAC,GTTAACTC,ATTATTCACTTCAAACTAATCTAC:GTTAACTC
ATTATTCACTTCAAACTAATCTAC,GATTCGTA,ATTATTCACTTCAAACTAATCTAC:GATTCGTA
TCAATTACTTCACTTTAATCCTTT,GTTAACTC,TCAATTACTTCACTTTAATCCTTT:GTTAACTC
TCAATTACTTCACTTTAATCCTTT,GTTAACTC,TCAATTACTTCACTTTAATCCTTT:GTTAACTC
TCAATTACTTCACTTTAATCCTTT,GATTCGTA,TCAATTACTTCACTTTAATCCTTT:GATTCGTA
CTTTTCATCTTTTCATCTTTCAAT,GTTAACTC,CTTTTCATCTTTTCATCTTTCAAT:GTTAACTC
CTTTTCATCTTTTCATCTTTCAAT,GTTAACTC,CTTTTCATCTTTTCATCTTTCAAT:GTTAACTC
CTTTTCATCTTTTCATCTTTCAAT,GATTCGTA,CTTTTCATCTTTTCATCTTTCAAT:GATTCGTA
TCAATCATTACACTTTTCAACAAT,GTTAACTC,TCAATCATTACACTTTTCAACAAT:GTTAACTC
TCAATCATTACACTTTTCAACAAT,GTTAACTC,TCAATCATTACACTTTTCAACAAT:GTTAACTC
TCAATCATTACACTTTTCAACAAT,GATTCGTA,TCAATCATTACACTTTTCAACAAT:GATTCGTA
CTTTCTACATTATTCACAACATTA,GTTAACTC,CTTTCTACATTATTCACAACATTA:GTTAACTC
CTTTCTACATTATTCACAACATTA,GTTAACTC,CTTTCTACATTATTCACAACATTA:GTTAACTC
CTTTCTACATTATTCACAACATTA,GATTCGTA,CTTTCTACATTATTCACAACATTA:GATTCGTA
CTATCTTCATATTTCACTATAAAC,GTTAACTC,CTATCTTCATATTTCACTATAAAC:GTTAACTC
CTATCTTCATATTTCACTATAAAC,GTTAACTC,CTATCTTCATATTTCACTATAAAC:GTTAACTC
CTATCTTCATATTTCACTATAAAC,GATTCGTA,CTATCTTCATATTTCACTATAAAC:GATTCGTA
CTTTCAATTACAATACTCATTACA,GTTAACTC,CTTTCAATTACAATACTCATTACA:GTTAACTC
CTTTCAATTACAATACTCATTACA,GTTAACTC,CTTTCAATTACAATACTCATTACA:GTTAACTC
CTTTCAATTACAATACTCATTACA,GATTCGTA,CTTTCAATTACAATACTCATTACA:GATTCGTA
TCATTTACCAATCTTTCTTTATAC,GTTAACTC,TCATTTACCAATCTTTCTTTATAC:GTTAACTC
TCATTTACCAATCTTTCTTTATAC,GTTAACTC,TCATTTACCAATCTTTCTTTATAC:GTTAACTC
TCATTTACCAATCTTTCTTTATAC,GATTCGTA,TCATTTACCAATCTTTCTTTATAC:GATTCGTA
TCATTTCACAATTCAATTACTCAA,GTTAACTC,TCATTTCACAATTCAATTACTCAA:GTTAACTC
TCATTTCACAATTCAATTACTCAA,GTTAACTC,TCATTTCACAATTCAATTACTCAA:GTTAACTC
TCATTTCACAATTCAATTACTCAA,GATTCGTA,TCATTTCACAATTCAATTACTCAA:GATTCGTA
TACATCAACAATTCATTCAATACA,GTTAACTC,TACATCAACAATTCATTCAATACA:GTTAACTC
TACATCAACAATTCATTCAATACA,GTTAACTC,TACATCAACAATTCATTCAATACA:GTTAACTC
TACATCAACAATTCATTCAATACA,GATTCGTA,TACATCAACAATTCATTCAATACA:GATTCGTA
CTTCTCATTAACTTACTTCATAAT,GTTAACTC,CTTCTCATTAACTTACTTCATAAT:GTTAACTC
CTTCTCATTAACTTACTTCATAAT,GTTAACTC,CTTCTCATTAACTTACTTCATAAT:GTTAACTC
CTTCTCATTAACTTACTTCATAAT,GATTCGTA,CTTCTCATTAACTTACTTCATAAT:GATTCGTA
AAACAAACTTCACATCTCAATAAT,GTTAACTC,AAACAAACTTCACATCTCAATAAT:GTTAACTC
AAACAAACTTCACATCTCAATAAT,GTTAACTC,AAACAAACTTCACATCTCAATAAT:GTTAACTC
AAACAAACTTCACATCTCAATAAT,GATTCGTA,AAACAAACTTCACATCTCAATAAT:GATTCGTA
CTTTAATCTCAATCAATACAAATC,AGCTACGT,CTTTAATCTCAATCAATACAAATC:AGCTACGT
CTTTAATCTCAATCAATACAAATC,CAGTTAGT,CTTTAATCTCAATCAATACAAATC:CAGTTAGT
CTTTAATCTCAATCAATACAAATC,ATCTTAAG,CTTTAATCTCAATCAATACAAATC:ATCTTAAG
CTTTAATCTCAATCAATACAAATC,CTGTTTAA,CTTTAATCTCAATCAATACAAATC:CTGTTTAA
CTTTAATCTCAATCAATACAAATC,CGAATTCA,CTTTAATCTCAATCAATACAAATC:CGAATTCA
CTTTAATCTCAATCAATACAAATC,AATAGGAT,CTTTAATCTCAATCAATACAAATC:AATAGGAT
CTTTAATCTCAATCAATACAAATC,TCCTATAT,CTTTAATCTCAATCAATACAAATC:TCCTATAT
CTTTAATCTCAATCAATACAAATC,TAGCAACT,CTTTAATCTCAATCAATACAAATC:TAGCAACT
CTTTAATCTCAATCAATACAAATC,ACTAGCTA,CTTTAATCTCAATCAATACAAATC:ACTAGCTA
CTTTAATCTCAATCAATACAAATC,GCAATCTT,CTTTAATCTCAATCAATACAAATC:GCAATCTT
CTTTAATCTCAATCAATACAAATC,ACGGTATA,CTTTAATCTCAATCAATACAAATC:ACGGTATA
CTTTATCAATACATACTACAATCA,AGCTACGT,CTTTATCAATACATACTACAATCA:AGCTACGT
CTTTATCAATACATACTACAATCA,CAGTTAGT,CTTTATCAATACATACTACAATCA:CAGTTAGT
CTTTATCAATACATACTACAATCA,ATCTTAAG,CTTTATCAATACATACTACAATCA:ATCTTAAG
CTTTATCAATACATACTACAATCA,CTGTTTAA,CTTTATCAATACATACTACAATCA:CTGTTTAA
CTTTATCAATACATACTACAATCA,CGAATTCA,CTTTATCAATACATACTACAATCA:CGAATTCA
CTTTATCAATACATACTACAATCA,AATAGGAT,CTTTATCAATACATACTACAATCA:AATAGGAT
CTTTATCAATACATACTACAATCA,TCCTATAT,CTTTATCAATACATACTACAATCA:TCCTATAT
CTTTATCAATACATACTACAATCA,TAGCAACT,CTTTATCAATACATACTACAATCA:TAGCAACT
CTTTATCAATACATACTACAATCA,ACTAGCTA,CTTTATCAATACATACTACAATCA:ACTAGCTA
CTTTATCAATACATACTACAATCA,GCAATCTT,CTTTATCAATACATACTACAATCA:GCAATCTT
CTTTATCAATACATACTACAATCA,ACGGTATA,CTTTATCAATACATACTACAATCA:ACGGTATA
CAATTCAAATCACAATAATCAATC,AGCTACGT,CAATTCAAATCACAATAATCAATC:AGCTACGT
CAATTCAAATCACAATAATCAATC,CAGTTAGT,CAATTCAAATCACAATAATCAATC:CAGTTAGT
CAATTCAAATCACAATAATCAATC,ATCTTAAG,CAATTCAAATCACAATAATCAATC:ATCTTAAG
CAATTCAAATCACAATAATCAATC,CTGTTTAA,CAATTCAAATCACAATAATCAATC:CTGTTTAA
CAATTCAAATCACAATAATCAATC,CGAATTCA,CAATTCAAATCACAATAATCAATC:CGAATTCA
CAATTCAAATCACAATAATCAATC,AATAGGAT,CAATTCAAATCACAATAATCAATC:AATAGGAT
CAATTCAAATCACAATAATCAATC,TCCTATAT,CAATTCAAATCACAATAATCAATC:TCCTATAT
CAATTCAAATCACAATAATCAATC,TAGCAACT,CAATTCAAATCACAATAATCAATC:TAGCAACT
CAATTCAAATCACAATAATCAATC,ACTAGCTA,CAATTCAAATCACAATAATCAATC:ACTAGCTA
CAATTCAAATCACAATAATCAATC,GCAATCTT,CAATTCAAATCACAATAATCAATC:GCAATCTT
CAATTCAAATCACAATAATCAATC,ACGGTATA,CAATTCAAATCACAATAATCAATC:ACGGTATA
CAATTCATTTACCAATTTACCAAT,AGCTACGT,CAATTCATTTACCAATTTACCAAT:AGCTACGT
CAATTCATTTACCAATTTACCAAT,CAGTTAGT,CAATTCATTTACCAATTTACCAAT:CAGTTAGT
CAATTCATTTACCAATTTACCAAT,ATCTTAAG,CAATTCATTTACCAATTTACCAAT:ATCTTAAG
CAATTCATTTACCAATTTACCAAT,CTGTTTAA,CAATTCATTTACCAATTTACCAAT:CTGTTTAA
CAATTCATTTACCAATTTACCAAT,CGAATTCA,CAATTCATTTACCAATTTACCAAT:CGAATTCA
CAATTCATTTACCAATTTACCAAT,AATAGGAT,CAATTCATTTACCAATTTACCAAT:AATAGGAT
CAATTCATTTACCAATTTACCAAT,TCCTATAT,CAATTCATTTACCAATTTACCAAT:TCCTATAT
CAATTCATTTACCAATTTACCAAT,TAGCAACT,CAATTCATTTACCAATTTACCAAT:TAGCAACT
CAATTCATTTACCAATTTACCAAT,ACTAGCTA,CAATTCATTTACCAATTTACCAAT:ACTAGCTA
CAATTCATTTACCAATTTACCAAT,GCAATCTT,CAATTCATTTACCAATTTACCAAT:GCAATCTT
CAATTCATTTACCAATTTACCAAT,ACGGTATA,CAATTCATTTACCAATTTACCAAT:ACGGTATA
AATCCTTTTACATTCATTACTTAC,AGCTACGT,AATCCTTTTACATTCATTACTTAC:AGCTACGT
AATCCTTTTACATTCATTACTTAC,CAGTTAGT,AATCCTTTTACATTCATTACTTAC:CAGTTAGT
AATCCTTTTACATTCATTACTTAC,ATCTTAAG,AATCCTTTTACATTCATTACTTAC:ATCTTAAG
AATCCTTTTACATTCATTACTTAC,CTGTTTAA,AATCCTTTTACATTCATTACTTAC:CTGTTTAA
AATCCTTTTACATTCATTACTTAC,CGAATTCA,AATCCTTTTACATTCATTACTTAC:CGAATTCA
AATCCTTTTACATTCATTACTTAC,AATAGGAT,AATCCTTTTACATTCATTACTTAC:AATAGGAT
AATCCTTTTACATTCATTACTTAC,TCCTATAT,AATCCTTTTACATTCATTACTTAC:TCCTATAT
AATCCTTTTACATTCATTACTTAC,TAGCAACT,AATCCTTTTACATTCATTACTTAC:TAGCAACT
AATCCTTTTACATTCATTACTTAC,ACTAGCTA,AATCCTTTTACATTCATTACTTAC:ACTAGCTA
AATCCTTTTACATTCATTACTTAC,GCAATCTT,AATCCTTTTACATTCATTACTTAC:GCAATCTT
AATCCTTTTACATTCATTACTTAC,ACGGTATA,AATCCTTTTACATTCATTACTTAC:ACGGTATA
TAATCTTCTATATCAACATCTTAC,AGCTACGT,TAATCTTCTATATCAACATCTTAC:AGCTACGT
TAATCTTCTATATCAACATCTTAC,CAGTTAGT,TAATCTTCTATATCAACATCTTAC:CAGTTAGT
TAATCTTCTATATCAACATCTTAC,ATCTTAAG,TAATCTTCTATATCAACATCTTAC:ATCTTAAG
TAATCTTCTATATCAACATCTTAC,CTGTTTAA,TAATCTTCTATATCAACATCTTAC:CTGTTTAA
TAATCTTCTATATCAACATCTTAC,CGAATTCA,TAATCTTCTATATCAACATCTTAC:CGAATTCA
TAATCTTCTATATCAACATCTTAC,AATAGGAT,TAATCTTCTATATCAACATCTTAC:AATAGGAT
TAATCTTCTATATCAACATCTTAC,TCCTATAT,TAATCTTCTATATCAACATCTTAC:TCCTATAT
TAATCTTCTATATCAACATCTTAC,TAGCAACT,TAATCTTCTATATCAACATCTTAC:TAGCAACT
TAATCTTCTATATCAACATCTTAC,ACTAGCTA,TAATCTTCTATATCAACATCTTAC:ACTAGCTA
TAATCTTCTATATCAACATCTTAC,GCAATCTT,TAATCTTCTATATCAACATCTTAC:GCAATCTT
TAATCTTCTATATCAACATCTTAC,ACGGTATA,TAATCTTCTATATCAACATCTTAC:ACGGTATA
TCAATCAATTACTTACTCAAATAC,AGCTACGT,TCAATCAATTACTTACTCAAATAC:AGCTACGT
TCAATCAATTACTTACTCAAATAC,CAGTTAGT,TCAATCAATTACTTACTCAAATAC:CAGTTAGT
TCAATCAATTACTTACTCAAATAC,ATCTTAAG,TCAATCAATTACTTACTCAAATAC:ATCTTAAG
TCAATCAATTACTTACTCAAATAC,CTGTTTAA,TCAATCAATTACTTACTCAAATAC:CTGTTTAA
TCAATCAATTACTTACTCAAATAC,CGAATTCA,TCAATCAATTACTTACTCAAATAC:CGAATTCA
TCAATCAATTACTTACTCAAATAC,AATAGGAT,TCAATCAATTACTTACTCAAATAC:AATAGGAT
TCAATCAATTACTTACTCAAATAC,TCCTATAT,TCAATCAATTACTTACTCAAATAC:TCCTATAT
TCAATCAATTACTTACTCAAATAC,TAGCAACT,TCAATCAATTACTTACTCAAATAC:TAGCAACT
TCAATCAATTACTTACTCAAATAC,ACTAGCTA,TCAATCAATTACTTACTCAAATAC:ACTAGCTA
TCAATCAATTACTTACTCAAATAC,GCAATCTT,TCAATCAATTACTTACTCAAATAC:GCAATCTT
TCAATCAATTACTTACTCAAATAC,ACGGTATA,TCAATCAATTACTTACTCAAATAC:ACGGTATA
TTCAATCATTCAAATCTCAACTTT,AGCTACGT,TTCAATCATTCAAATCTCAACTTT:AGCTACGT
TTCAATCATTCAAATCTCAACTTT,CAGTTAGT,TTCAATCATTCAAATCTCAACTTT:CAGTTAGT
TTCAATCATTCAAATCTCAACTTT,ATCTTAAG,TTCAATCATTCAAATCTCAACTTT:ATCTTAAG
TTCAATCATTCAAATCTCAACTTT,CTGTTTAA,TTCAATCATTCAAATCTCAACTTT:CTGTTTAA
TTCAATCATTCAAATCTCAACTTT,CGAATTCA,TTCAATCATTCAAATCTCAACTTT:CGAATTCA
TTCAATCATTCAAATCTCAACTTT,AATAGGAT,TTCAATCATTCAAATCTCAACTTT:AATAGGAT
TTCAATCATTCAAATCTCAACTTT,TCCTATAT,TTCAATCATTCAAATCTCAACTTT:TCCTATAT
TTCAATCATTCAAATCTCAACTTT,TAGCAACT,TTCAATCATTCAAATCTCAACTTT:TAGCAACT
TTCAATCATTCAAATCTCAACTTT,ACTAGCTA,TTCAATCATTCAAATCTCAACTTT:ACTAGCTA
TTCAATCATTCAAATCTCAACTTT,GCAATCTT,TTCAATCATTCAAATCTCAACTTT:GCAATCTT
TTCAATCATTCAAATCTCAACTTT,ACGGTATA,TTCAATCATTCAAATCTCAACTTT:ACGGTATA
TTACTCAAAATCTACACTTTTTCA,AGCTACGT,TTACTCAAAATCTACACTTTTTCA:AGCTACGT
TTACTCAAAATCTACACTTTTTCA,CAGTTAGT,TTACTCAAAATCTACACTTTTTCA:CAGTTAGT
TTACTCAAAATCTACACTTTTTCA,ATCTTAAG,TTACTCAAAATCTACACTTTTTCA:ATCTTAAG
TTACTCAAAATCTACACTTTTTCA,CTGTTTAA,TTACTCAAAATCTACACTTTTTCA:CTGTTTAA
TTACTCAAAATCTACACTTTTTCA,CGAATTCA,TTACTCAAAATCTACACTTTTTCA:CGAATTCA
TTACTCAAAATCTACACTTTTTCA,AATAGGAT,TTACTCAAAATCTACACTTTTTCA:AATAGGAT
TTACTCAAAATCTACACTTTTTCA,TCCTATAT,TTACTCAAAATCTACACTTTTTCA:TCCTATAT
TTACTCAAAATCTACACTTTTTCA,TAGCAACT,TTACTCAAAATCTACACTTTTTCA:TAGCAACT
TTACTCAAAATCTACACTTTTTCA,ACTAGCTA,TTACTCAAAATCTACACTTTTTCA:ACTAGCTA
TTACTCAAAATCTACACTTTTTCA,GCAATCTT,TTACTCAAAATCTACACTTTTTCA:GCAATCTT
TTACTCAAAATCTACACTTTTTCA,ACGGTATA,TTACTCAAAATCTACACTTTTTCA:ACGGTATA
CTACAAACAAACAAACATTATCAA,AGCTACGT,CTACAAACAAACAAACATTATCAA:AGCTACGT
CTACAAACAAACAAACATTATCAA,CAGTTAGT,CTACAAACAAACAAACATTATCAA:CAGTTAGT
CTACAAACAAACAAACATTATCAA,ATCTTAAG,CTACAAACAAACAAACATTATCAA:ATCTTAAG
CTACAAACAAACAAACATTATCAA,CTGTTTAA,CTACAAACAAACAAACATTATCAA:CTGTTTAA
CTACAAACAAACAAACATTATCAA,CGAATTCA,CTACAAACAAACAAACATTATCAA:CGAATTCA
CTACAAACAAACAAACATTATCAA,AATAGGAT,CTACAAACAAACAAACATTATCAA:AATAGGAT
CTACAAACAAACAAACATTATCAA,TCCTATAT,CTACAAACAAACAAACATTATCAA:TCCTATAT
CTACAAACAAACAAACATTATCAA,TAGCAACT,CTACAAACAAACAAACATTATCAA:TAGCAACT
CTACAAACAAACAAACATTATCAA,ACTAGCTA,CTACAAACAAACAAACATTATCAA:ACTAGCTA
CTACAAACAAACAAACATTATCAA,GCAATCTT,CTACAAACAAACAAACATTATCAA:GCAATCTT
CTACAAACAAACAAACATTATCAA,ACGGTATA,CTACAAACAAACAAACATTATCAA:ACGGTATA
TTACCTTTATACCTTTCTTTTTAC,AGCTACGT,TTACCTTTATACCTTTCTTTTTAC:AGCTACGT
TTACCTTTATACCTTTCTTTTTAC,CAGTTAGT,TTACCTTTATACCTTTCTTTTTAC:CAGTTAGT
TTACCTTTATACCTTTCTTTTTAC,ATCTTAAG,TTACCTTTATACCTTTCTTTTTAC:ATCTTAAG
TTACCTTTATACCTTTCTTTTTAC,CTGTTTAA,TTACCTTTATACCTTTCTTTTTAC:CTGTTTAA
TTACCTTTATACCTTTCTTTTTAC,CGAATTCA,TTACCTTTATACCTTTCTTTTTAC:CGAATTCA
TTACCTTTATACCTTTCTTTTTAC,AATAGGAT,TTACCTTTATACCTTTCTTTTTAC:AATAGGAT
TTACCTTTATACCTTTCTTTTTAC,TCCTATAT,TTACCTTTATACCTTTCTTTTTAC:TCCTATAT
TTACCTTTATACCTTTCTTTTTAC,TAGCAACT,TTACCTTTATACCTTTCTTTTTAC:TAGCAACT
TTACCTTTATACCTTTCTTTTTAC,ACTAGCTA,TTACCTTTATACCTTTCTTTTTAC:ACTAGCTA
TTACCTTTATACCTTTCTTTTTAC,GCAATCTT,TTACCTTTATACCTTTCTTTTTAC:GCAATCTT
TTACCTTTATACCTTTCTTTTTAC,ACGGTATA,TTACCTTTATACCTTTCTTTTTAC:ACGGTATA
ATTATTCACTTCAAACTAATCTAC,AGCTACGT,ATTATTCACTTCAAACTAATCTAC:AGCTACGT
ATTATTCACTTCAAACTAATCTAC,CAGTTAGT,ATTATTCACTTCAAACTAATCTAC:CAGTTAGT
ATTATTCACTTCAAACTAATCTAC,ATCTTAAG,ATTATTCACTTCAAACTAATCTAC:ATCTTAAG
ATTATTCACTTCAAACTAATCTAC,CTGTTTAA,ATTATTCACTTCAAACTAATCTAC:CTGTTTAA
ATTATTCACTTCAAACTAATCTAC,CGAATTCA,ATTATTCACTTCAAACTAATCTAC:CGAATTCA
ATTATTCACTTCAAACTAATCTAC,AATAGGAT,ATTATTCACTTCAAACTAATCTAC:AATAGGAT
ATTATTCACTTCAAACTAATCTAC,TCCTATAT,ATTATTCACTTCAAACTAATCTAC:TCCTATAT
ATTATTCACTTCAAACTAATCTAC,TAGCAACT,ATTATTCACTTCAAACTAATCTAC:TAGCAACT
ATTATTCACTTCAAACTAATCTAC,ACTAGCTA,ATTATTCACTTCAAACTAATCTAC:ACTAGCTA
ATTATTCACTTCAAACTAATCTAC,GCAATCTT,ATTATTCACTTCAAACTAATCTAC:GCAATCTT
ATTATTCACTTCAAACTAATCTAC,ACGGTATA,ATTATTCACTTCAAACTAATCTAC:ACGGTATA
TCAATTACTTCACTTTAATCCTTT,AGCTACGT,TCAATTACTTCACTTTAATCCTTT:AGCTACGT
TCAATTACTTCACTTTAATCCTTT,CAGTTAGT,TCAATTACTTCACTTTAATCCTTT:CAGTTAGT
TCAATTACTTCACTTTAATCCTTT,ATCTTAAG,TCAATTACTTCACTTTAATCCTTT:ATCTTAAG
TCAATTACTTCACTTTAATCCTTT,CTGTTTAA,TCAATTACTTCACTTTAATCCTTT:CTGTTTAA
TCAATTACTTCACTTTAATCCTTT,CGAATTCA,TCAATTACTTCACTTTAATCCTTT:CGAATTCA
TCAATTACTTCACTTTAATCCTTT,AATAGGAT,TCAATTACTTCACTTTAATCCTTT:AATAGGAT
TCAATTACTTCACTTTAATCCTTT,TCCTATAT,TCAATTACTTCACTTTAATCCTTT:TCCTATAT
TCAATTACTTCACTTTAATCCTTT,TAGCAACT,TCAATTACTTCACTTTAATCCTTT:TAGCAACT
TCAATTACTTCACTTTAATCCTTT,ACTAGCTA,TCAATTACTTCACTTTAATCCTTT:ACTAGCTA
TCAATTACTTCACTTTAATCCTTT,GCAATCTT,TCAATTACTTCACTTTAATCCTTT:GCAATCTT
TCAATTACTTCACTTTAATCCTTT,ACGGTATA,TCAATTACTTCACTTTAATCCTTT:ACGGTATA
TCAATCATTACACTTTTCAACAAT,AGCTACGT,TCAATCATTACACTTTTCAACAAT:AGCTACGT
TCAATCATTACACTTTTCAACAAT,CAGTTAGT,TCAATCATTACACTTTTCAACAAT:CAGTTAGT
TCAATCATTACACTTTTCAACAAT,ATCTTAAG,TCAATCATTACACTTTTCAACAAT:ATCTTAAG
TCAATCATTACACTTTTCAACAAT,CTGTTTAA,TCAATCATTACACTTTTCAACAAT:CTGTTTAA
TCAATCATTACACTTTTCAACAAT,CGAATTCA,TCAATCATTACACTTTTCAACAAT:CGAATTCA
TCAATCATTACACTTTTCAACAAT,AATAGGAT,TCAATCATTACACTTTTCAACAAT:AATAGGAT
TCAATCATTACACTTTTCAACAAT,TCCTATAT,TCAATCATTACACTTTTCAACAAT:TCCTATAT
TCAATCATTACACTTTTCAACAAT,TAGCAACT,TCAATCATTACACTTTTCAACAAT:TAGCAACT
TCAATCATTACACTTTTCAACAAT,ACTAGCTA,TCAATCATTACACTTTTCAACAAT:ACTAGCTA
TCAATCATTACACTTTTCAACAAT,GCAATCTT,TCAATCATTACACTTTTCAACAAT:GCAATCTT
TCAATCATTACACTTTTCAACAAT,ACGGTATA,TCAATCATTACACTTTTCAACAAT:ACGGTATA
CTATCTTCATATTTCACTATAAAC,AGCTACGT,CTATCTTCATATTTCACTATAAAC:AGCTACGT
CTATCTTCATATTTCACTATAAAC,CAGTTAGT,CTATCTTCATATTTCACTATAAAC:CAGTTAGT
CTATCTTCATATTTCACTATAAAC,ATCTTAAG,CTATCTTCATATTTCACTATAAAC:ATCTTAAG
CTATCTTCATATTTCACTATAAAC,CTGTTTAA,CTATCTTCATATTTCACTATAAAC:CTGTTTAA
CTATCTTCATATTTCACTATAAAC,CGAATTCA,CTATCTTCATATTTCACTATAAAC:CGAATTCA
CTATCTTCATATTTCACTATAAAC,AATAGGAT,CTATCTTCATATTTCACTATAAAC:AATAGGAT
CTATCTTCATATTTCACTATAAAC,TCCTATAT,CTATCTTCATATTTCACTATAAAC:TCCTATAT
CTATCTTCATATTTCACTATAAAC,TAGCAACT,CTATCTTCATATTTCACTATAAAC:TAGCAACT
CTATCTTCATATTTCACTATAAAC,ACTAGCTA,CTATCTTCATATTTCACTATAAAC:ACTAGCTA
CTATCTTCATATTTCACTATAAAC,GCAATCTT,CTATCTTCATATTTCACTATAAAC:GCAATCTT
CTATCTTCATATTTCACTATAAAC,ACGGTATA,CTATCTTCATATTTCACTATAAAC:ACGGTATA
TCATTTACCAATCTTTCTTTATAC,AGCTACGT,TCATTTACCAATCTTTCTTTATAC:AGCTACGT
TCATTTACCAATCTTTCTTTATAC,CAGTTAGT,TCATTTACCAATCTTTCTTTATAC:CAGTTAGT
TCATTTACCAATCTTTCTTTATAC,ATCTTAAG,TCATTTACCAATCTTTCTTTATAC:ATCTTAAG
TCATTTACCAATCTTTCTTTATAC,CTGTTTAA,TCATTTACCAATCTTTCTTTATAC:CTGTTTAA
TCATTTACCAATCTTTCTTTATAC,CGAATTCA,TCATTTACCAATCTTTCTTTATAC:CGAATTCA
TCATTTACCAATCTTTCTTTATAC,AATAGGAT,TCATTTACCAATCTTTCTTTATAC:AATAGGAT
TCATTTACCAATCTTTCTTTATAC,TCCTATAT,TCATTTACCAATCTTTCTTTATAC:TCCTATAT
TCATTTACCAATCTTTCTTTATAC,TAGCAACT,TCATTTACCAATCTTTCTTTATAC:TAGCAACT
TCATTTACCAATCTTTCTTTATAC,ACTAGCTA,TCATTTACCAATCTTTCTTTATAC:ACTAGCTA
TCATTTACCAATCTTTCTTTATAC,GCAATCTT,TCATTTACCAATCTTTCTTTATAC:GCAATCTT
TCATTTACCAATCTTTCTTTATAC,ACGGTATA,TCATTTACCAATCTTTCTTTATAC:ACGGTATA
TCATTTCACAATTCAATTACTCAA,AGCTACGT,TCATTTCACAATTCAATTACTCAA:AGCTACGT
TCATTTCACAATTCAATTACTCAA,CAGTTAGT,TCATTTCACAATTCAATTACTCAA:CAGTTAGT
TCATTTCACAATTCAATTACTCAA,ATCTTAAG,TCATTTCACAATTCAATTACTCAA:ATCTTAAG
TCATTTCACAATTCAATTACTCAA,CTGTTTAA,TCATTTCACAATTCAATTACTCAA:CTGTTTAA
TCATTTCACAATTCAATTACTCAA,CGAATTCA,TCATTTCACAATTCAATTACTCAA:CGAATTCA
TCATTTCACAATTCAATTACTCAA,AATAGGAT,TCATTTCACAATTCAATTACTCAA:AATAGGAT
TCATTTCACAATTCAATTACTCAA,TCCTATAT,TCATTTCACAATTCAATTACTCAA:TCCTATAT
TCATTTCACAATTCAATTACTCAA,TAGCAACT,TCATTTCACAATTCAATTACTCAA:TAGCAACT
TCATTTCACAATTCAATTACTCAA,ACTAGCTA,TCATTTCACAATTCAATTACTCAA:ACTAGCTA
TCATTTCACAATTCAATTACTCAA,GCAATCTT,TCATTTCACAATTCAATTACTCAA:GCAATCTT
TCATTTCACAATTCAATTACTCAA,ACGGTATA,TCATTTCACAATTCAATTACTCAA:ACGGTATA
CTTCTCATTAACTTACTTCATAAT,AGCTACGT,CTTCTCATTAACTTACTTCATAAT:AGCTACGT
CTTCTCATTAACTTACTTCATAAT,CAGTTAGT,CTTCTCATTAACTTACTTCATAAT:CAGTTAGT
CTTCTCATTAACTTACTTCATAAT,ATCTTAAG,CTTCTCATTAACTTACTTCATAAT:ATCTTAAG
CTTCTCATTAACTTACTTCATAAT,CTGTTTAA,CTTCTCATTAACTTACTTCATAAT:CTGTTTAA
CTTCTCATTAACTTACTTCATAAT,CGAATTCA,CTTCTCATTAACTTACTTCATAAT:CGAATTCA
CTTCTCATTAACTTACTTCATAAT,AATAGGAT,CTTCTCATTAACTTACTTCATAAT:AATAGGAT
CTTCTCATTAACTTACTTCATAAT,TCCTATAT,CTTCTCATTAACTTACTTCATAAT:TCCTATAT
CTTCTCATTAACTTACTTCATAAT,TAGCAACT,CTTCTCATTAACTTACTTCATAAT:TAGCAACT
CTTCTCATTAACTTACTTCATAAT,ACTAGCTA,CTTCTCATTAACTTACTTCATAAT:ACTAGCTA
CTTCTCATTAACTTACTTCATAAT,GCAATCTT,CTTCTCATTAACTTACTTCATAAT:GCAATCTT
CTTCTCATTAACTTACTTCATAAT,ACGGTATA,CTTCTCATTAACTTACTTCATAAT:ACGGTATA
AAACAAACTTCACATCTCAATAAT,AGCTACGT,AAACAAACTTCACATCTCAATAAT:AGCTACGT
AAACAAACTTCACATCTCAATAAT,CAGTTAGT,AAACAAACTTCACATCTCAATAAT:CAGTTAGT
AAACAAACTTCACATCTCAATAAT,ATCTTAAG,AAACAAACTTCACATCTCAATAAT:ATCTTAAG
AAACAAACTTCACATCTCAATAAT,CTGTTTAA,AAACAAACTTCACATCTCAATAAT:CTGTTTAA
AAACAAACTTCACATCTCAATAAT,CGAATTCA,AAACAAACTTCACATCTCAATAAT:CGAATTCA
AAACAAACTTCACATCTCAATAAT,AATAGGAT,AAACAAACTTCACATCTCAATAAT:AATAGGAT
AAACAAACTTCACATCTCAATAAT,TCCTATAT,AAACAAACTTCACATCTCAATAAT:TCCTATAT
AAACAAACTTCACATCTCAATAAT,TAGCAACT,AAACAAACTTCACATCTCAATAAT:TAGCAACT
AAACAAACTTCACATCTCAATAAT,ACTAGCTA,AAACAAACTTCACATCTCAATAAT:ACTAGCTA
AAACAAACTTCACATCTCAATAAT,GCAATCTT,AAACAAACTTCACATCTCAATAAT:GCAATCTT
AAACAAACTTCACATCTCAATAAT,ACGGTATA,AAACAAACTTCACATCTCAATAAT:ACGGTATA
TCATCAATCTTTCAATTTACTTAC,AGCTACGT,TCATCAATCTTTCAATTTACTTAC:AGCTACGT
TCATCAATCTTTCAATTTACTTAC,CAGTTAGT,TCATCAATCTTTCAATTTACTTAC:CAGTTAGT
TCATCAATCTTTCAATTTACTTAC,ATCTTAAG,TCATCAATCTTTCAATTTACTTAC:ATCTTAAG
TCATCAATCTTTCAATTTACTTAC,CTGTTTAA,TCATCAATCTTTCAATTTACTTAC:CTGTTTAA
TCATCAATCTTTCAATTTACTTAC,CGAATTCA,TCATCAATCTTTCAATTTACTTAC:CGAATTCA
TCATCAATCTTTCAATTTACTTAC,AATAGGAT,TCATCAATCTTTCAATTTACTTAC:AATAGGAT
TCATCAATCTTTCAATTTACTTAC,TCCTATAT,TCATCAATCTTTCAATTTACTTAC:TCCTATAT
TCATCAATCTTTCAATTTACTTAC,TAGCAACT,TCATCAATCTTTCAATTTACTTAC:TAGCAACT
TCATCAATCTTTCAATTTACTTAC,ACTAGCTA,TCATCAATCTTTCAATTTACTTAC:ACTAGCTA
TCATCAATCTTTCAATTTACTTAC,GCAATCTT,TCATCAATCTTTCAATTTACTTAC:GCAATCTT
TCATCAATCTTTCAATTTACTTAC,ACGGTATA,TCATCAATCTTTCAATTTACTTAC:ACGGTATA
CAATATACCAATATCATCATTTAC,AGCTACGT,CAATATACCAATATCATCATTTAC:AGCTACGT
CAATATACCAATATCATCATTTAC,CAGTTAGT,CAATATACCAATATCATCATTTAC:CAGTTAGT
CAATATACCAATATCATCATTTAC,ATCTTAAG,CAATATACCAATATCATCATTTAC:ATCTTAAG
CAATATACCAATATCATCATTTAC,CTGTTTAA,CAATATACCAATATCATCATTTAC:CTGTTTAA
CAATATACCAATATCATCATTTAC,CGAATTCA,CAATATACCAATATCATCATTTAC:CGAATTCA
CAATATACCAATATCATCATTTAC,AATAGGAT,CAATATACCAATATCATCATTTAC:AATAGGAT
CAATATACCAATATCATCATTTAC,TCCTATAT,CAATATACCAATATCATCATTTAC:TCCTATAT
CAATATACCAATATCATCATTTAC,TAGCAACT,CAATATACCAATATCATCATTTAC:TAGCAACT
CAATATACCAATATCATCATTTAC,ACTAGCTA,CAATATACCAATATCATCATTTAC:ACTAGCTA
CAATATACCAATATCATCATTTAC,GCAATCTT,CAATATACCAATATCATCATTTAC:GCAATCTT
CAATATACCAATATCATCATTTAC,ACGGTATA,CAATATACCAATATCATCATTTAC:ACGGTATA
TAATTATACATCTCATCTTCTACA,AGCTACGT,TAATTATACATCTCATCTTCTACA:AGCTACGT
TAATTATACATCTCATCTTCTACA,CAGTTAGT,TAATTATACATCTCATCTTCTACA:CAGTTAGT
TAATTATACATCTCATCTTCTACA,ATCTTAAG,TAATTATACATCTCATCTTCTACA:ATCTTAAG
TAATTATACATCTCATCTTCTACA,CTGTTTAA,TAATTATACATCTCATCTTCTACA:CTGTTTAA
TAATTATACATCTCATCTTCTACA,CGAATTCA,TAATTATACATCTCATCTTCTACA:CGAATTCA
TAATTATACATCTCATCTTCTACA,AATAGGAT,TAATTATACATCTCATCTTCTACA:AATAGGAT
TAATTATACATCTCATCTTCTACA,TCCTATAT,TAATTATACATCTCATCTTCTACA:TCCTATAT
TAATTATACATCTCATCTTCTACA,TAGCAACT,TAATTATACATCTCATCTTCTACA:TAGCAACT
TAATTATACATCTCATCTTCTACA,ACTAGCTA,TAATTATACATCTCATCTTCTACA:ACTAGCTA
TAATTATACATCTCATCTTCTACA,GCAATCTT,TAATTATACATCTCATCTTCTACA:GCAATCTT
TAATTATACATCTCATCTTCTACA,ACGGTATA,TAATTATACATCTCATCTTCTACA:ACGGTATA
CTTTTTCAATCACTTTCAATTCAT,AGCTACGT,CTTTTTCAATCACTTTCAATTCAT:AGCTACGT
CTTTTTCAATCACTTTCAATTCAT,CAGTTAGT,CTTTTTCAATCACTTTCAATTCAT:CAGTTAGT
CTTTTTCAATCACTTTCAATTCAT,ATCTTAAG,CTTTTTCAATCACTTTCAATTCAT:ATCTTAAG
CTTTTTCAATCACTTTCAATTCAT,CTGTTTAA,CTTTTTCAATCACTTTCAATTCAT:CTGTTTAA
CTTTTTCAATCACTTTCAATTCAT,CGAATTCA,CTTTTTCAATCACTTTCAATTCAT:CGAATTCA
CTTTTTCAATCACTTTCAATTCAT,AATAGGAT,CTTTTTCAATCACTTTCAATTCAT:AATAGGAT
CTTTTTCAATCACTTTCAATTCAT,TCCTATAT,CTTTTTCAATCACTTTCAATTCAT:TCCTATAT
CTTTTTCAATCACTTTCAATTCAT,TAGCAACT,CTTTTTCAATCACTTTCAATTCAT:TAGCAACT
CTTTTTCAATCACTTTCAATTCAT,ACTAGCTA,CTTTTTCAATCACTTTCAATTCAT:ACTAGCTA
CTTTTTCAATCACTTTCAATTCAT,GCAATCTT,CTTTTTCAATCACTTTCAATTCAT:GCAATCTT
CTTTTTCAATCACTTTCAATTCAT,ACGGTATA,CTTTTTCAATCACTTTCAATTCAT:ACGGTATA
CTACATATTCAAATTACTACTTAC,AGCTACGT,CTACATATTCAAATTACTACTTAC:AGCTACGT
CTACATATTCAAATTACTACTTAC,CAGTTAGT,CTACATATTCAAATTACTACTTAC:CAGTTAGT
CTACATATTCAAATTACTACTTAC,ATCTTAAG,CTACATATTCAAATTACTACTTAC:ATCTTAAG
CTACATATTCAAATTACTACTTAC,CTGTTTAA,CTACATATTCAAATTACTACTTAC:CTGTTTAA
CTACATATTCAAATTACTACTTAC,CGAATTCA,CTACATATTCAAATTACTACTTAC:CGAATTCA
CTACATATTCAAATTACTACTTAC,AATAGGAT,CTACATATTCAAATTACTACTTAC:AATAGGAT
CTACATATTCAAATTACTACTTAC,TCCTATAT,CTACATATTCAAATTACTACTTAC:TCCTATAT
CTACATATTCAAATTACTACTTAC,TAGCAACT,CTACATATTCAAATTACTACTTAC:TAGCAACT
CTACATATTCAAATTACTACTTAC,ACTAGCTA,CTACATATTCAAATTACTACTTAC:ACTAGCTA
CTACATATTCAAATTACTACTTAC,GCAATCTT,CTACATATTCAAATTACTACTTAC:GCAATCTT
CTACATATTCAAATTACTACTTAC,ACGGTATA,CTACATATTCAAATTACTACTTAC:ACGGTATA
TAACATTACAACTATACTATCTAC,AGCTACGT,TAACATTACAACTATACTATCTAC:AGCTACGT
TAACATTACAACTATACTATCTAC,CAGTTAGT,TAACATTACAACTATACTATCTAC:CAGTTAGT
TAACATTACAACTATACTATCTAC,ATCTTAAG,TAACATTACAACTATACTATCTAC:ATCTTAAG
TAACATTACAACTATACTATCTAC,CTGTTTAA,TAACATTACAACTATACTATCTAC:CTGTTTAA
TAACATTACAACTATACTATCTAC,CGAATTCA,TAACATTACAACTATACTATCTAC:CGAATTCA
TAACATTACAACTATACTATCTAC,AATAGGAT,TAACATTACAACTATACTATCTAC:AATAGGAT
TAACATTACAACTATACTATCTAC,TCCTATAT,TAACATTACAACTATACTATCTAC:TCCTATAT
TAACATTACAACTATACTATCTAC,TAGCAACT,TAACATTACAACTATACTATCTAC:TAGCAACT
TAACATTACAACTATACTATCTAC,ACTAGCTA,TAACATTACAACTATACTATCTAC:ACTAGCTA
TAACATTACAACTATACTATCTAC,GCAATCTT,TAACATTACAACTATACTATCTAC:GCAATCTT
TAACATTACAACTATACTATCTAC,ACGGTATA,TAACATTACAACTATACTATCTAC:ACGGTATA
TCATTTACTCAACAATTACAAATC,AGCTACGT,TCATTTACTCAACAATTACAAATC:AGCTACGT
TCATTTACTCAACAATTACAAATC,CAGTTAGT,TCATTTACTCAACAATTACAAATC:CAGTTAGT
TCATTTACTCAACAATTACAAATC,ATCTTAAG,TCATTTACTCAACAATTACAAATC:ATCTTAAG
TCATTTACTCAACAATTACAAATC,CTGTTTAA,TCATTTACTCAACAATTACAAATC:CTGTTTAA
TCATTTACTCAACAATTACAAATC,CGAATTCA,TCATTTACTCAACAATTACAAATC:CGAATTCA
TCATTTACTCAACAATTACAAATC,AATAGGAT,TCATTTACTCAACAATTACAAATC:AATAGGAT
TCATTTACTCAACAATTACAAATC,TCCTATAT,TCATTTACTCAACAATTACAAATC:TCCTATAT
TCATTTACTCAACAATTACAAATC,TAGCAACT,TCATTTACTCAACAATTACAAATC:TAGCAACT
TCATTTACTCAACAATTACAAATC,ACTAGCTA,TCATTTACTCAACAATTACAAATC:ACTAGCTA
TCATTTACTCAACAATTACAAATC,GCAATCTT,TCATTTACTCAACAATTACAAATC:GCAATCTT
TCATTTACTCAACAATTACAAATC,ACGGTATA,TCATTTACTCAACAATTACAAATC:ACGGTATA
TCATAATCTCAACAATCTTTCTTT,AGCTACGT,TCATAATCTCAACAATCTTTCTTT:AGCTACGT
TCATAATCTCAACAATCTTTCTTT,CAGTTAGT,TCATAATCTCAACAATCTTTCTTT:CAGTTAGT
TCATAATCTCAACAATCTTTCTTT,ATCTTAAG,TCATAATCTCAACAATCTTTCTTT:ATCTTAAG
TCATAATCTCAACAATCTTTCTTT,CTGTTTAA,TCATAATCTCAACAATCTTTCTTT:CTGTTTAA
TCATAATCTCAACAATCTTTCTTT,CGAATTCA,TCATAATCTCAACAATCTTTCTTT:CGAATTCA
TCATAATCTCAACAATCTTTCTTT,AATAGGAT,TCATAATCTCAACAATCTTTCTTT:AATAGGAT
TCATAATCTCAACAATCTTTCTTT,TCCTATAT,TCATAATCTCAACAATCTTTCTTT:TCCTATAT
TCATAATCTCAACAATCTTTCTTT,TAGCAACT,TCATAATCTCAACAATCTTTCTTT:TAGCAACT
TCATAATCTCAACAATCTTTCTTT,ACTAGCTA,TCATAATCTCAACAATCTTTCTTT:ACTAGCTA
TCATAATCTCAACAATCTTTCTTT,GCAATCTT,TCATAATCTCAACAATCTTTCTTT:GCAATCTT
TCATAATCTCAACAATCTTTCTTT,ACGGTATA,TCATAATCTCAACAATCTTTCTTT:ACGGTATA
ATACCAATAATCCAATTCATATCA,AGCTACGT,ATACCAATAATCCAATTCATATCA:AGCTACGT
ATACCAATAATCCAATTCATATCA,CAGTTAGT,ATACCAATAATCCAATTCATATCA:CAGTTAGT
ATACCAATAATCCAATTCATATCA,ATCTTAAG,ATACCAATAATCCAATTCATATCA:ATCTTAAG
ATACCAATAATCCAATTCATATCA,CTGTTTAA,ATACCAATAATCCAATTCATATCA:CTGTTTAA
ATACCAATAATCCAATTCATATCA,CGAATTCA,ATACCAATAATCCAATTCATATCA:CGAATTCA
ATACCAATAATCCAATTCATATCA,AATAGGAT,ATACCAATAATCCAATTCATATCA:AATAGGAT
ATACCAATAATCCAATTCATATCA,TCCTATAT,ATACCAATAATCCAATTCATATCA:TCCTATAT
ATACCAATAATCCAATTCATATCA,TAGCAACT,ATACCAATAATCCAATTCATATCA:TAGCAACT
ATACCAATAATCCAATTCATATCA,ACTAGCTA,ATACCAATAATCCAATTCATATCA:ACTAGCTA
ATACCAATAATCCAATTCATATCA,GCAATCTT,ATACCAATAATCCAATTCATATCA:GCAATCTT
ATACCAATAATCCAATTCATATCA,ACGGTATA,ATACCAATAATCCAATTCATATCA:ACGGTATA
TCATTTACCTTTAATCCAATAATC,AGCTACGT,TCATTTACCTTTAATCCAATAATC:AGCTACGT
TCATTTACCTTTAATCCAATAATC,CAGTTAGT,TCATTTACCTTTAATCCAATAATC:CAGTTAGT
TCATTTACCTTTAATCCAATAATC,ATCTTAAG,TCATTTACCTTTAATCCAATAATC:ATCTTAAG
TCATTTACCTTTAATCCAATAATC,CTGTTTAA,TCATTTACCTTTAATCCAATAATC:CTGTTTAA
TCATTTACCTTTAATCCAATAATC,CGAATTCA,TCATTTACCTTTAATCCAATAATC:CGAATTCA
TCATTTACCTTTAATCCAATAATC,AATAGGAT,TCATTTACCTTTAATCCAATAATC:AATAGGAT
TCATTTACCTTTAATCCAATAATC,TCCTATAT,TCATTTACCTTTAATCCAATAATC:TCCTATAT
TCATTTACCTTTAATCCAATAATC,TAGCAACT,TCATTTACCTTTAATCCAATAATC:TAGCAACT
TCATTTACCTTTAATCCAATAATC,ACTAGCTA,TCATTTACCTTTAATCCAATAATC:ACTAGCTA
TCATTTACCTTTAATCCAATAATC,GCAATCTT,TCATTTACCTTTAATCCAATAATC:GCAATCTT
TCATTTACCTTTAATCCAATAATC,ACGGTATA,TCATTTACCTTTAATCCAATAATC:ACGGTATA
ATCAAATCTCATCAATTCAACAAT,AGCTACGT,ATCAAATCTCATCAATTCAACAAT:AGCTACGT
ATCAAATCTCATCAATTCAACAAT,CAGTTAGT,ATCAAATCTCATCAATTCAACAAT:CAGTTAGT
ATCAAATCTCATCAATTCAACAAT,ATCTTAAG,ATCAAATCTCATCAATTCAACAAT:ATCTTAAG
ATCAAATCTCATCAATTCAACAAT,CTGTTTAA,ATCAAATCTCATCAATTCAACAAT:CTGTTTAA
ATCAAATCTCATCAATTCAACAAT,CGAATTCA,ATCAAATCTCATCAATTCAACAAT:CGAATTCA
ATCAAATCTCATCAATTCAACAAT,AATAGGAT,ATCAAATCTCATCAATTCAACAAT:AATAGGAT
ATCAAATCTCATCAATTCAACAAT,TCCTATAT,ATCAAATCTCATCAATTCAACAAT:TCCTATAT
ATCAAATCTCATCAATTCAACAAT,TAGCAACT,ATCAAATCTCATCAATTCAACAAT:TAGCAACT
ATCAAATCTCATCAATTCAACAAT,ACTAGCTA,ATCAAATCTCATCAATTCAACAAT:ACTAGCTA
ATCAAATCTCATCAATTCAACAAT,GCAATCTT,ATCAAATCTCATCAATTCAACAAT:GCAATCTT
ATCAAATCTCATCAATTCAACAAT,ACGGTATA,ATCAAATCTCATCAATTCAACAAT:ACGGTATA
AATCCTTTTACATTCATTACTTAC,TAGGTGTT,AATCCTTTTACATTCATTACTTAC:TAGGTGTT
AATCCTTTTACATTCATTACTTAC,AGGCTGGA,AATCCTTTTACATTCATTACTTAC:AGGCTGGA
AATCCTTTTACATTCATTACTTAC,GATGCAAT,AATCCTTTTACATTCATTACTTAC:GATGCAAT
TCAATCAATTACTTACTCAAATAC,TAGGTGTT,TCAATCAATTACTTACTCAAATAC:TAGGTGTT
TCAATCAATTACTTACTCAAATAC,AGGCTGGA,TCAATCAATTACTTACTCAAATAC:AGGCTGGA
TCAATCAATTACTTACTCAAATAC,GATGCAAT,TCAATCAATTACTTACTCAAATAC:GATGCAAT
TCAATCATTACACTTTTCAACAAT,TAGGTGTT,TCAATCATTACACTTTTCAACAAT:TAGGTGTT
TCAATCATTACACTTTTCAACAAT,AGGCTGGA,TCAATCATTACACTTTTCAACAAT:AGGCTGGA
TCAATCATTACACTTTTCAACAAT,GATGCAAT,TCAATCATTACACTTTTCAACAAT:GATGCAAT
TCATTTACCAATCTTTCTTTATAC,TAGGTGTT,TCATTTACCAATCTTTCTTTATAC:TAGGTGTT
TCATTTACCAATCTTTCTTTATAC,AGGCTGGA,TCATTTACCAATCTTTCTTTATAC:AGGCTGGA
TCATTTACCAATCTTTCTTTATAC,GATGCAAT,TCATTTACCAATCTTTCTTTATAC:GATGCAAT
CTACATATTCAAATTACTACTTAC,TAGGTGTT,CTACATATTCAAATTACTACTTAC:TAGGTGTT
CTACATATTCAAATTACTACTTAC,AGGCTGGA,CTACATATTCAAATTACTACTTAC:AGGCTGGA
CTACATATTCAAATTACTACTTAC,GATGCAAT,CTACATATTCAAATTACTACTTAC:GATGCAAT
TCATTTACTCAACAATTACAAATC,TAGGTGTT,TCATTTACTCAACAATTACAAATC:TAGGTGTT
TCATTTACTCAACAATTACAAATC,AGGCTGGA,TCATTTACTCAACAATTACAAATC:AGGCTGGA
TCATTTACTCAACAATTACAAATC,GATGCAAT,TCATTTACTCAACAATTACAAATC:GATGCAAT
